"Name","Team","GP","Top 24","WR1","WR2","WR3","WR4+"
"Puka Nacua","LAR","44","72.7%","47.7%","25.0%","9.1%","22.7%"
"CeeDee Lamb","DAL","46","71.7%","41.3%","30.4%","6.5%","21.7%"
"Amon-Ra St. Brown","DET","50","70.0%","42.0%","28.0%","14.0%","18.0%"
"Ja'Marr Chase","CIN","49","59.2%","49.0%","10.2%","16.3%","24.5%"
"A.J. Brown","PHI","45","53.3%","40.0%","13.3%","17.8%","35.6%"
"Justin Jefferson","MIN","44","52.3%","36.4%","15.9%","20.5%","27.3%"
"Tyreek Hill","MIA","37","51.4%","32.4%","18.9%","21.6%","29.7%"
"Mike Evans","TB","39","51.3%","33.3%","17.9%","15.4%","33.3%"
"Davante Adams","LAR","45","51.1%","31.1%","20.0%","15.6%","33.3%"
"Terry McLaurin","WAS","44","50.0%","22.7%","27.3%","13.6%","36.4%"
"DeVonta Smith","PHI","46","50.0%","17.4%","32.6%","6.5%","43.5%"
"Rashee Rice","KC","28","50.0%","28.6%","21.4%","17.9%","35.7%"
"Ladd McConkey","LAC","32","50.0%","21.9%","28.1%","9.4%","43.8%"
"Jaxon Smith-Njigba","SEA","51","49.0%","33.3%","15.7%","9.8%","41.2%"
"Nico Collins","HOU","42","47.6%","38.1%","9.5%","23.8%","28.6%"
"Chris Olave","NO","40","47.5%","25.0%","22.5%","27.5%","25.0%"
"Garrett Wilson","NYJ","41","46.3%","17.1%","29.3%","14.6%","39.0%"
"Courtland Sutton","DEN","50","44.0%","16.0%","28.0%","20.0%","36.0%"
"Tee Higgins","CIN","39","43.6%","28.2%","15.4%","17.9%","41.0%"
"Brandon Aiyuk","SF","23","43.5%","21.7%","21.7%","13.0%","47.8%"
"Stefon Diggs","NE","42","42.9%","23.8%","19.0%","16.7%","40.5%"
"Michael Pittman Jr.","IND","49","42.9%","20.4%","22.4%","12.2%","44.9%"
"Brian Thomas Jr.","JAX","31","41.9%","22.6%","19.4%","19.4%","45.2%"
"George Pickens","DAL","48","41.7%","22.9%","18.8%","10.4%","47.9%"
"DK Metcalf","PIT","46","41.3%","19.6%","21.7%","17.4%","41.3%"
"Tetairoa McMillan","CAR","17","41.2%","11.8%","29.4%","29.4%","35.3%"
"Jameson Williams","DET","44","40.9%","20.5%","20.5%","13.6%","47.7%"
"Diontae Johnson","CAR","25","40.0%","16.0%","24.0%","4.0%","56.0%"
"Drake London","ATL","45","40.0%","24.4%","15.6%","17.8%","44.4%"
"Deebo Samuel Sr.","WAS","46","39.1%","26.1%","13.0%","13.0%","52.2%"
"Marvin Harrison Jr.","ARI","29","37.9%","10.3%","27.6%","10.3%","51.7%"
"Tory Horton","SEA","8","37.5%","25.0%","12.5%","12.5%","50.0%"
"Jordan Addison","MIN","46","37.0%","13.0%","23.9%","19.6%","43.5%"
"Malik Nabers","NYG","19","36.8%","31.6%","5.3%","42.1%","21.1%"
"Zay Flowers","BAL","50","36.0%","20.0%","16.0%","26.0%","38.0%"
"Tank Dell","HOU","25","36.0%","24.0%","12.0%","8.0%","56.0%"
"Keenan Allen","LAC","45","35.6%","24.4%","11.1%","13.3%","53.3%"
"Jalen McMillan","TB","17","35.3%","17.6%","17.6%","5.9%","58.8%"
"Jakobi Meyers","LV","47","34.0%","21.3%","12.8%","21.3%","44.7%"
"Chris Godwin Jr.","TB","33","33.3%","18.2%","15.2%","21.2%","45.5%"
"Jaylen Waddle","MIA","45","33.3%","13.3%","20.0%","15.6%","53.3%"
"Cooper Kupp","SEA","40","32.5%","17.5%","15.0%","10.0%","57.5%"
"Rome Odunze","CHI","29","31.0%","13.8%","17.2%","3.4%","65.5%"
"Jauan Jennings","SF","43","30.2%","9.3%","20.9%","7.0%","62.8%"
"Jayden Reed","GB","40","30.0%","17.5%","12.5%","22.5%","57.5%"
"Ricky Pearsall","SF","20","30.0%","15.0%","15.0%","5.0%","65.0%"
"Christian Watson","GB","34","29.4%","17.6%","11.8%","14.7%","58.8%"
"Jayden Higgins","HOU","17","29.4%","5.9%","23.5%","17.6%","52.9%"
"Calvin Ridley","TEN","41","29.3%","24.4%","4.9%","12.2%","58.5%"
"Rashid Shaheed","NO","39","28.2%","12.8%","15.4%","12.8%","59.0%"
"Amari Cooper","CLE","29","27.6%","13.8%","13.8%","17.2%","55.2%"
"DJ Moore","CHI","51","27.5%","27.5%","0.0%","23.5%","51.0%"
"Jalen Coker","CAR","22","27.3%","9.1%","18.2%","4.5%","68.2%"
"Alec Pierce","IND","48","27.1%","16.7%","10.4%","6.3%","66.7%"
"Romeo Doubs","GB","46","26.1%","6.5%","19.6%","19.6%","56.5%"
"Josh Downs","IND","47","25.5%","6.4%","19.1%","14.9%","59.6%"
"Khalil Shakir","BUF","48","25.0%","10.4%","14.6%","18.8%","56.3%"
"Gabe Davis","BUF","33","24.2%","15.2%","9.1%","6.1%","69.7%"
"Quentin Johnston","LAC","46","23.9%","13.0%","10.9%","19.6%","56.5%"
"Kayshon Boutte","NE","34","23.5%","14.7%","8.8%","0.0%","76.5%"
"Chimere Dike","TEN","17","23.5%","5.9%","17.6%","11.8%","64.7%"
"Emeka Egbuka","TB","17","23.5%","23.5%","0.0%","17.6%","58.8%"
"Adam Thielen","MIN","43","23.3%","11.6%","11.6%","9.3%","67.4%"
"Wan'Dale Robinson","NYG","48","22.9%","10.4%","12.5%","18.8%","60.4%"
"Xavier Worthy","KC","31","22.6%","6.5%","16.1%","16.1%","61.3%"
"DeAndre Hopkins","BAL","50","22.0%","8.0%","14.0%","12.0%","66.0%"
"Brandin Cooks","NO","41","22.0%","2.4%","19.5%","2.4%","78.0%"
"Hollywood Brown","KC","32","21.9%","3.1%","18.8%","15.6%","62.5%"
"Michael Wilson","ARI","46","21.7%","13.0%","8.7%","8.7%","69.6%"
"Parker Washington","JAX","42","21.4%","11.9%","9.5%","4.8%","76.2%"
"Christian Kirk","HOU","33","21.2%","3.0%","18.2%","15.2%","63.6%"
"Darnell Mooney","ATL","46","19.6%","4.3%","15.2%","8.7%","76.1%"
"Tez Johnson","TB","16","18.8%","6.3%","12.5%","6.3%","75.0%"
"Jerry Jeudy","CLE","50","18.0%","8.0%","10.0%","24.0%","60.0%"
"Isaac TeSlaa","DET","17","17.6%","0.0%","17.6%","5.9%","76.5%"
"Kendrick Bourne","SF","36","16.7%","8.3%","8.3%","2.8%","80.6%"
"Noah Brown","WAS","25","16.0%","8.0%","8.0%","4.0%","80.0%"
"Tyler Lockett","TEN","51","15.7%","5.9%","9.8%","9.8%","76.5%"
"Devaughn Vele","NO","26","15.4%","3.8%","11.5%","7.7%","76.9%"
"Rashod Bateman","BAL","46","15.2%","4.3%","10.9%","4.3%","82.6%"
"Troy Franklin","DEN","33","15.2%","9.1%","6.1%","12.1%","75.8%"
"Darius Slayton","NYG","47","14.9%","6.4%","8.5%","12.8%","76.6%"
"Marvin Mims Jr.","DEN","48","14.6%","8.3%","6.3%","2.1%","83.3%"
"Bub Means","NO","7","14.3%","0.0%","14.3%","0.0%","85.7%"
"Travis Hunter","JAX","7","14.3%","14.3%","0.0%","0.0%","85.7%"
"Tre Tucker","LV","50","14.0%","6.0%","8.0%","8.0%","80.0%"
"Curtis Samuel","BUF","36","13.9%","2.8%","11.1%","8.3%","77.8%"
"Allen Lazard","NYJ","36","13.9%","5.6%","8.3%","8.3%","80.6%"
"DJ Chark","LAC","22","13.6%","9.1%","4.5%","4.5%","81.8%"
"Luther Burden III","CHI","15","13.3%","13.3%","0.0%","26.7%","66.7%"
"Odell Beckham Jr.","MIA","23","13.0%","4.3%","8.7%","4.3%","82.6%"
"Josh Reynolds","NYJ","31","12.9%","3.2%","9.7%","3.2%","83.9%"
"Demarcus Robinson","SF","47","12.8%","2.1%","10.6%","10.6%","76.6%"
"Jalen Guyton","LAC","8","12.5%","0.0%","12.5%","0.0%","87.5%"
"K.J. Osborn","NE","24","12.5%","0.0%","12.5%","4.2%","83.3%"
"Calvin Austin III","PIT","48","12.5%","2.1%","10.4%","6.3%","81.3%"
"Jalen Nailor","MIN","40","12.5%","5.0%","7.5%","5.0%","82.5%"
"Brandon Johnson","PIT","16","12.5%","6.3%","6.3%","6.3%","81.3%"
"Efton Chism III","NE","8","12.5%","0.0%","12.5%","0.0%","87.5%"
"Elic Ayomanor","TEN","16","12.5%","0.0%","12.5%","18.8%","68.8%"
"Michael Gallup","DAL","17","11.8%","0.0%","11.8%","5.9%","82.4%"
"Rondale Moore","ARI","17","11.8%","0.0%","11.8%","5.9%","82.4%"
"Kyle Williams","NE","17","11.8%","0.0%","11.8%","5.9%","82.4%"
"Keon Coleman","BUF","26","11.5%","7.7%","3.8%","11.5%","76.9%"
"Quez Watkins","PHI","9","11.1%","11.1%","0.0%","0.0%","88.9%"
"Ryan Flournoy","DAL","27","11.1%","7.4%","3.7%","3.7%","85.2%"
"Jahdae Walker","CHI","9","11.1%","0.0%","11.1%","11.1%","77.8%"
"Nick Westbrook-Ikhine","MIA","46","10.9%","4.3%","6.5%","4.3%","84.8%"
"Cedric Tillman","CLE","38","10.5%","2.6%","7.9%","0.0%","89.5%"
"Michael Thomas","NO","10","10.0%","0.0%","10.0%","10.0%","80.0%"
"Andrei Iosivas","CIN","50","10.0%","2.0%","8.0%","8.0%","82.0%"
"A.T. Perry","NO","10","10.0%","10.0%","0.0%","20.0%","70.0%"
"Xavier Legette","CAR","31","9.7%","6.5%","3.2%","12.9%","77.4%"
"Devontez Walker","BAL","21","9.5%","0.0%","9.5%","4.8%","85.7%"
"Tim Patrick","JAX","32","9.4%","6.3%","3.1%","6.3%","84.4%"
"Elijah Moore","BUF","43","9.3%","0.0%","9.3%","11.6%","81.4%"
"Tutu Atwell","LAR","43","9.3%","0.0%","9.3%","11.6%","79.1%"
"Julio Jones","PHI","11","9.1%","9.1%","0.0%","0.0%","90.9%"
"Alex Erickson","NE","11","9.1%","0.0%","9.1%","0.0%","90.9%"
"Jamal Agnew","JAX","11","9.1%","0.0%","9.1%","0.0%","90.9%"
"Mack Hollins","NE","45","8.9%","0.0%","8.9%","8.9%","82.2%"
"Jamison Crowder","WAS","23","8.7%","4.3%","4.3%","0.0%","91.3%"
"Dontayvion Wicks","GB","46","8.7%","6.5%","2.2%","8.7%","82.6%"
"Joshua Palmer","BUF","37","8.1%","5.4%","2.7%","13.5%","78.4%"
"Roman Wilson","PIT","13","7.7%","7.7%","0.0%","7.7%","84.6%"
"Marquez Valdes-Scantling","SF","40","7.5%","5.0%","2.5%","2.5%","90.0%"
"JuJu Smith-Schuster","KC","42","7.1%","2.4%","4.8%","4.8%","88.1%"
"Zay Jones","ARI","28","7.1%","0.0%","7.1%","14.3%","78.6%"
"David Moore","CAR","28","7.1%","3.6%","3.6%","3.6%","89.3%"
"Cody White","SEA","14","7.1%","0.0%","7.1%","0.0%","92.9%"
"Matthew Golden","GB","14","7.1%","0.0%","7.1%","7.1%","85.7%"
"Kalif Raymond","DET","44","6.8%","0.0%","6.8%","13.6%","81.8%"
"Greg Dortch","ARI","45","6.7%","2.2%","4.4%","11.1%","82.2%"
"John Metchie III","PHI","45","6.7%","2.2%","4.4%","0.0%","93.3%"
"Pat Bryant","DEN","15","6.7%","0.0%","6.7%","6.7%","86.7%"
"Malik Washington","MIA","31","6.5%","0.0%","6.5%","9.7%","83.9%"
"Jalen Tolbert","DAL","47","6.4%","0.0%","6.4%","10.6%","83.0%"
"Gunner Olszewski","NYG","16","6.3%","6.3%","0.0%","6.3%","87.5%"
"David Bell","CLE","16","6.3%","6.3%","0.0%","6.3%","87.5%"
"Kevin Austin Jr.","NO","16","6.3%","0.0%","6.3%","0.0%","93.8%"
"KaVontae Turpin","DAL","48","6.3%","2.1%","4.2%","8.3%","85.4%"
"DeMario Douglas","NE","48","6.3%","4.2%","2.1%","16.7%","77.1%"
"Tyler Boyd","TEN","33","6.1%","3.0%","3.0%","6.1%","90.9%"
"Xavier Hutchinson","HOU","49","6.1%","2.0%","4.1%","0.0%","93.9%"
"Adonai Mitchell","IND","33","6.1%","3.0%","3.0%","6.1%","87.9%"
"Olamide Zaccheaus","CHI","50","6.0%","2.0%","4.0%","8.0%","88.0%"
"Jahan Dotson","PHI","51","5.9%","3.9%","2.0%","5.9%","88.2%"
"Jaylin Noel","HOU","17","5.9%","0.0%","5.9%","11.8%","88.2%"
"River Cracraft","WAS","20","5.0%","0.0%","5.0%","0.0%","95.0%"
"Cedrick Wilson Jr.","MIA","40","5.0%","2.5%","2.5%","2.5%","92.5%"
"Tyrell Shavers","BUF","20","5.0%","5.0%","0.0%","5.0%","90.0%"
"Mike Williams","NYJ","21","4.8%","4.8%","0.0%","9.5%","85.7%"
"Lil'Jordan Humphrey","NYG","44","4.5%","0.0%","4.5%","6.8%","88.6%"
"Kameron Johnson","TB","22","4.5%","0.0%","4.5%","0.0%","95.5%"
"Mecole Hardman Jr.","KC","23","4.3%","0.0%","4.3%","4.3%","91.3%"
"Hunter Renfrow","CAR","23","4.3%","4.3%","0.0%","0.0%","95.7%"
"Trenton Irwin","CIN","23","4.3%","0.0%","4.3%","4.3%","91.3%"
"Dyami Brown","JAX","47","4.3%","0.0%","4.3%","2.1%","93.6%"
"Isaiah Williams","NYJ","23","4.3%","0.0%","4.3%","0.0%","95.7%"
"Bo Melton","GB","25","4.0%","4.0%","0.0%","4.0%","92.0%"
"Braxton Berrios","HOU","26","3.8%","3.8%","0.0%","0.0%","96.2%"
"Luke McCaffrey","WAS","26","3.8%","0.0%","3.8%","7.7%","88.5%"
"Ashton Dulin","IND","27","3.7%","0.0%","3.7%","0.0%","96.3%"
"Isaiah Hodgins","NYG","27","3.7%","0.0%","3.7%","11.1%","85.2%"
"Tyler Johnson","NYJ","28","3.6%","0.0%","3.6%","14.3%","85.7%"
"Ronnie Bell","NO","28","3.6%","0.0%","3.6%","0.0%","96.4%"
"Tyquan Thornton","KC","29","3.4%","0.0%","3.4%","6.9%","89.7%"
"Nelson Agholor","BAL","31","3.2%","0.0%","3.2%","12.9%","83.9%"
"Deven Thompkins","ATL","31","3.2%","0.0%","3.2%","0.0%","96.8%"
"Trey Palmer","TB","32","3.1%","0.0%","3.1%","3.1%","93.8%"
"Jordan Whittington","LAR","32","3.1%","0.0%","3.1%","3.1%","93.8%"
"Chris Moore","WAS","36","2.8%","0.0%","2.8%","2.8%","94.4%"
"Justin Watson","HOU","36","2.8%","0.0%","2.8%","5.6%","91.7%"
"Tylan Wallace","BAL","42","2.4%","2.4%","0.0%","0.0%","97.6%"
"Jalin Hyatt","NYG","41","2.4%","0.0%","2.4%","2.4%","95.1%"
"KhaDarel Hodge","ATL","46","2.2%","0.0%","2.2%","2.2%","97.8%"
"Jake Bobo","SEA","45","2.2%","0.0%","2.2%","0.0%","97.8%"
"Van Jefferson","TEN","50","2.0%","0.0%","2.0%","4.0%","94.0%"
"Randall Cobb","NYJ","11","0.0%","0.0%","0.0%","9.1%","100.0%"
"Marvin Jones Jr.","DET","6","0.0%","0.0%","0.0%","0.0%","100.0%"
"Marquise Goodwin","CLE","12","0.0%","0.0%","0.0%","0.0%","100.0%"
"Robert Woods","HOU","29","0.0%","0.0%","0.0%","0.0%","100.0%"
"Willie Snead IV","SF","4","0.0%","0.0%","0.0%","0.0%","100.0%"
"Allen Robinson II","DET","29","0.0%","0.0%","0.0%","3.4%","96.6%"
"DeVante Parker","NE","13","0.0%","0.0%","0.0%","7.7%","92.3%"
"Chris Conley","SF","23","0.0%","0.0%","0.0%","4.3%","100.0%"
"Ty Montgomery II","NE","13","0.0%","0.0%","0.0%","0.0%","100.0%"
"DeAndre Carter","CHI","30","0.0%","0.0%","0.0%","0.0%","100.0%"
"Laquon Treadwell","IND","17","0.0%","0.0%","0.0%","0.0%","100.0%"
"Sterling Shepard","TB","42","0.0%","0.0%","0.0%","11.9%","90.5%"
"Robbie Chosen","WAS","14","0.0%","0.0%","0.0%","7.1%","92.9%"
"Isaiah McKenzie","IND","13","0.0%","0.0%","0.0%","0.0%","100.0%"
"Trent Taylor","SF","19","0.0%","0.0%","0.0%","0.0%","100.0%"
"Zach Pascal","ARI","31","0.0%","0.0%","0.0%","0.0%","100.0%"
"Dante Pettis","NO","16","0.0%","0.0%","0.0%","6.3%","93.8%"
"Ray-Ray McCloud III","ATL","35","0.0%","0.0%","0.0%","8.6%","91.4%"
"Keith Kirkwood","NO","13","0.0%","0.0%","0.0%","0.0%","100.0%"
"Richie James","KC","9","0.0%","0.0%","0.0%","0.0%","100.0%"
"Trent Sherfield","DEN","46","0.0%","0.0%","0.0%","2.2%","97.8%"
"Byron Pringle","WAS","17","0.0%","0.0%","0.0%","0.0%","100.0%"
"Equanimeous St. Brown","NO","9","0.0%","0.0%","0.0%","0.0%","100.0%"
"Brandon Powell","MIN","34","0.0%","0.0%","0.0%","5.9%","94.1%"
"David Sills V","ATL","20","0.0%","0.0%","0.0%","10.0%","90.0%"
"Cody Thompson","SEA","7","0.0%","0.0%","0.0%","0.0%","100.0%"
"Parris Campbell","PHI","17","0.0%","0.0%","0.0%","0.0%","100.0%"
"Miles Boykin","PIT","17","0.0%","0.0%","0.0%","0.0%","100.0%"
"Keelan Doss","LAC","5","0.0%","0.0%","0.0%","0.0%","100.0%"
"Juwann Winfree","IND","8","0.0%","0.0%","0.0%","0.0%","100.0%"
"Scotty Miller","PIT","43","0.0%","0.0%","0.0%","0.0%","100.0%"
"Deonte Harty","BUF","16","0.0%","0.0%","0.0%","0.0%","100.0%"
"Alex Bachman","LV","19","0.0%","0.0%","0.0%","0.0%","100.0%"
"D.J. Montgomery","IND","7","0.0%","0.0%","0.0%","14.3%","85.7%"
"Tom Kennedy","DET","6","0.0%","0.0%","0.0%","0.0%","100.0%"
"Jalen Reagor","LAC","19","0.0%","0.0%","0.0%","5.3%","94.7%"
"Laviska Shenault Jr.","SEA","20","0.0%","0.0%","0.0%","0.0%","100.0%"
"Devin Duvernay","CHI","43","0.0%","0.0%","0.0%","0.0%","100.0%"
"James Proche II","TEN","19","0.0%","0.0%","0.0%","0.0%","100.0%"
"Trishton Jackson","MIN","7","0.0%","0.0%","0.0%","0.0%","100.0%"
"Collin Johnson","CHI","12","0.0%","0.0%","0.0%","0.0%","100.0%"
"Lynn Bowden Jr.","NO","15","0.0%","0.0%","0.0%","0.0%","100.0%"
"Chase Claypool","CHI","12","0.0%","0.0%","0.0%","0.0%","100.0%"
"Donovan Peoples-Jones","CLE","15","0.0%","0.0%","0.0%","0.0%","100.0%"
"Andre Baccellia","ARI","10","0.0%","0.0%","0.0%","0.0%","100.0%"
"Mason Kinsey","TEN","22","0.0%","0.0%","0.0%","0.0%","100.0%"
"Kristian Wilkerson","LV","5","0.0%","0.0%","0.0%","20.0%","100.0%"
"Chris Blair","ATL","8","0.0%","0.0%","0.0%","0.0%","100.0%"
"Dee Eskridge","MIA","23","0.0%","0.0%","0.0%","0.0%","100.0%"
"Ben Skowronek","PIT","44","0.0%","0.0%","0.0%","2.3%","97.7%"
"Ihmir Smith-Marsette","CAR","17","0.0%","0.0%","0.0%","5.9%","94.1%"
"Jaelon Darden","CLE","12","0.0%","0.0%","0.0%","0.0%","100.0%"
"Kadarius Toney","KC","13","0.0%","0.0%","0.0%","0.0%","100.0%"
"Mike Strachan","CAR","4","0.0%","0.0%","0.0%","0.0%","100.0%"
"DJ Turner","LV","12","0.0%","0.0%","0.0%","8.3%","91.7%"
"Simi Fehoko","ARI","22","0.0%","0.0%","0.0%","0.0%","100.0%"
"Terrace Marshall Jr.","LV","16","0.0%","0.0%","0.0%","6.3%","93.8%"
"Tim Jones","MIN","38","0.0%","0.0%","0.0%","0.0%","100.0%"
"Austin Trammell","JAX","23","0.0%","0.0%","0.0%","0.0%","100.0%"
"Treylon Burks","WAS","24","0.0%","0.0%","0.0%","0.0%","100.0%"
"Ainias Smith","PHI","7","0.0%","0.0%","0.0%","14.3%","85.7%"
"Jermaine Burton","CIN","14","0.0%","0.0%","0.0%","0.0%","100.0%"
"Jonathan Mingo","DAL","38","0.0%","0.0%","0.0%","2.6%","97.4%"
"Justyn Ross","KC","12","0.0%","0.0%","0.0%","0.0%","100.0%"
"Rakim Jarrett","TB","20","0.0%","0.0%","0.0%","0.0%","100.0%"
"Skyy Moore","SF","37","0.0%","0.0%","0.0%","2.7%","97.3%"
"Britain Covey","PHI","27","0.0%","0.0%","0.0%","0.0%","100.0%"
"Erik Ezukanma","MIA","4","0.0%","0.0%","0.0%","0.0%","100.0%"
"Kyle Philips","TEN","9","0.0%","0.0%","0.0%","22.2%","88.9%"
"Michael Woods II","CLE","5","0.0%","0.0%","0.0%","0.0%","100.0%"
"Velus Jones Jr.","CHI","14","0.0%","0.0%","0.0%","0.0%","100.0%"
"Dareke Young","SEA","23","0.0%","0.0%","0.0%","0.0%","100.0%"
"Samori Toure","NO","12","0.0%","0.0%","0.0%","0.0%","100.0%"
"Jalen Virgil","BUF","7","0.0%","0.0%","0.0%","0.0%","100.0%"
"Irv Charles","NYJ","12","0.0%","0.0%","0.0%","0.0%","100.0%"
"Derius Davis","LAC","43","0.0%","0.0%","0.0%","2.3%","97.7%"
"Charlie Jones","CIN","33","0.0%","0.0%","0.0%","0.0%","100.0%"
"Tyler Scott","CHI","17","0.0%","0.0%","0.0%","0.0%","100.0%"
"Antoine Green","DET","9","0.0%","0.0%","0.0%","0.0%","100.0%"
"Brycen Tremayne","CAR","18","0.0%","0.0%","0.0%","0.0%","100.0%"
"Johnny Wilson","PHI","16","0.0%","0.0%","0.0%","6.3%","100.0%"
"Mitch Tinsley","CIN","17","0.0%","0.0%","0.0%","5.9%","94.1%"
"Nikko Remigio","KC","19","0.0%","0.0%","0.0%","0.0%","100.0%"
"Jason Brownlee","KC","13","0.0%","0.0%","0.0%","0.0%","100.0%"
"Malik Heath","GB","37","0.0%","0.0%","0.0%","2.7%","97.3%"
"Jalen Brooks","DAL","27","0.0%","0.0%","0.0%","0.0%","100.0%"
"Ryan Miller","TB","24","0.0%","0.0%","0.0%","0.0%","100.0%"
"Xavier Gipson","NYJ","34","0.0%","0.0%","0.0%","2.9%","97.1%"
"Colton Dowell","TEN","10","0.0%","0.0%","0.0%","0.0%","100.0%"
"Jared Wayne","HOU","4","0.0%","0.0%","0.0%","0.0%","100.0%"
"Xavier Smith","LAR","31","0.0%","0.0%","0.0%","6.5%","93.5%"
"Shedrick Jackson","LV","5","0.0%","0.0%","0.0%","20.0%","80.0%"
"Elijah Cooks","JAX","9","0.0%","0.0%","0.0%","0.0%","100.0%"
"Dylan Drummond","ATL","9","0.0%","0.0%","0.0%","0.0%","100.0%"
"Ja'Lynn Polk","NE","15","0.0%","0.0%","0.0%","6.7%","93.3%"
"Malachi Corley","CLE","22","0.0%","0.0%","0.0%","0.0%","100.0%"
"Jacob Cowing","SF","15","0.0%","0.0%","0.0%","0.0%","100.0%"
"Jamari Thrash","CLE","18","0.0%","0.0%","0.0%","0.0%","100.0%"
"Konata Mumpfield","LAR","17","0.0%","0.0%","0.0%","0.0%","100.0%"
"Xavier Weaver","ARI","12","0.0%","0.0%","0.0%","0.0%","100.0%"
"Javon Baker","NE","11","0.0%","0.0%","0.0%","0.0%","100.0%"
"Anthony Gould","IND","19","0.0%","0.0%","0.0%","0.0%","100.0%"
"Jha'Quan Jackson","TEN","12","0.0%","0.0%","0.0%","0.0%","100.0%"
"Tahj Washington","MIA","6","0.0%","0.0%","0.0%","0.0%","100.0%"
"Casey Washington","ATL","7","0.0%","0.0%","0.0%","0.0%","100.0%"
"Darius Cooper","PHI","12","0.0%","0.0%","0.0%","0.0%","100.0%"
"Mason Tipton","NO","25","0.0%","0.0%","0.0%","4.0%","96.0%"
"Ramel Keyton","LV","8","0.0%","0.0%","0.0%","0.0%","100.0%"
"Bryce Oliver","TEN","13","0.0%","0.0%","0.0%","0.0%","100.0%"
"Jack Bech","LV","16","0.0%","0.0%","0.0%","6.3%","93.8%"
"Jalen Royals","KC","7","0.0%","0.0%","0.0%","0.0%","100.0%"
"Tai Felton","MIN","17","0.0%","0.0%","0.0%","0.0%","100.0%"
"Tre' Harris","LAC","17","0.0%","0.0%","0.0%","0.0%","100.0%"
"Jaylin Lane","WAS","15","0.0%","0.0%","0.0%","0.0%","100.0%"
"Jimmy Horn Jr.","CAR","13","0.0%","0.0%","0.0%","0.0%","100.0%"
"Isaiah Bond","CLE","16","0.0%","0.0%","0.0%","6.3%","93.8%"
"Arian Smith","NYJ","16","0.0%","0.0%","0.0%","0.0%","100.0%"
"Keandre Lambert-Smith","LAC","10","0.0%","0.0%","0.0%","0.0%","100.0%"
"Beaux Collins","NYG","9","0.0%","0.0%","0.0%","0.0%","100.0%"
"Dont'e Thornton Jr.","LV","15","0.0%","0.0%","0.0%","0.0%","100.0%"
"Jordan Watkins","SF","4","0.0%","0.0%","0.0%","0.0%","100.0%"
"LaJohntay Wester","BAL","17","0.0%","0.0%","0.0%","0.0%","100.0%"
"Savion Williams","GB","12","0.0%","0.0%","0.0%","0.0%","100.0%"
"Ke'Shawn Williams","PIT","11","0.0%","0.0%","0.0%","0.0%","100.0%"
"Gage Larvadain","CLE","13","0.0%","0.0%","0.0%","0.0%","100.0%"
"Myles Price","MIN","16","0.0%","0.0%","0.0%","0.0%","100.0%"