"Name","Team","TGT","TGT%","REC","REC%","CATCH%","TDS","TD%","TGT","TGT%","REC","REC%","CATCH%","TDS","TD%"
"Davante Adams","LAR","32","28.1%","13","21.7%","40.6%","12","85.7%","23","20.2%","11","18.3%","47.8%","11","78.6%"
"Amon-Ra St. Brown","DET","33","19.2%","20","17.1%","60.6%","10","90.9%","21","12.2%","11","9.4%","52.4%","7","63.6%"
"Rashee Rice","KC","18","23.1%","11","20.8%","61.1%","4","80.0%","14","17.9%","8","15.1%","57.1%","3","60.0%"
"Jake Ferguson","DAL","24","23.5%","15","18.3%","62.5%","7","87.5%","13","12.7%","8","9.8%","61.5%","6","75.0%"
"Christian McCaffrey","SF","24","18.6%","20","19.6%","83.3%","7","100.0%","12","9.3%","10","9.8%","83.3%","7","100.0%"
"Trey McBride","ARI","33","19.5%","20","15.9%","60.6%","11","100.0%","11","6.5%","6","4.8%","54.5%","4","36.4%"
"Tyler Warren","IND","21","18.8%","11","14.5%","52.4%","4","100.0%","11","9.8%","4","5.3%","36.4%","2","50.0%"
"Hunter Henry","NE","22","25.3%","14","23.3%","63.6%","5","71.4%","10","11.5%","4","6.7%","40.0%","3","42.9%"
"Justin Jefferson","MIN","18","12.8%","5","6.0%","27.8%","2","100.0%","10","7.1%","1","1.2%","10.0%","1","50.0%"
"George Pickens","DAL","23","16.8%","11","11.8%","47.8%","4","44.4%","10","7.3%","4","4.3%","40.0%","3","33.3%"
"Puka Nacua","LAR","17","10.2%","14","10.9%","82.4%","5","50.0%","10","6.0%","8","6.2%","80.0%","4","40.0%"
"Mark Andrews","BAL","14","20.0%","6","12.5%","42.9%","4","80.0%","9","12.9%","2","4.2%","22.2%","2","40.0%"
"Dallas Goedert","PHI","15","18.3%","13","21.7%","86.7%","10","90.9%","9","11.0%","8","13.3%","88.9%","8","72.7%"
"Nico Collins","HOU","18","15.0%","8","11.3%","44.4%","3","50.0%","9","7.5%","4","5.6%","44.4%","3","50.0%"
"Colby Parkinson","LAR","20","35.7%","15","34.9%","75.0%","6","75.0%","9","16.1%","6","14.0%","66.7%","4","50.0%"
"Brock Bowers","LV","17","19.8%","10","15.6%","58.8%","6","85.7%","9","10.5%","6","9.4%","66.7%","5","71.4%"
"Hollywood Brown","KC","10","13.5%","7","14.3%","70.0%","5","100.0%","8","10.8%","6","12.2%","75.0%","4","80.0%"
"Jauan Jennings","SF","19","21.1%","11","20.0%","57.9%","7","77.8%","8","8.9%","4","7.3%","50.0%","4","44.4%"
"Michael Pittman Jr.","IND","15","13.5%","8","10.0%","53.3%","5","71.4%","8","7.2%","6","7.5%","75.0%","4","57.1%"
"Ja'Marr Chase","CIN","22","11.9%","13","10.4%","59.1%","7","87.5%","8","4.3%","5","4.0%","62.5%","4","50.0%"
"Drake London","ATL","15","13.4%","9","13.2%","60.0%","7","100.0%","8","7.1%","5","7.4%","62.5%","5","71.4%"
"Romeo Doubs","GB","16","18.8%","10","18.2%","62.5%","5","83.3%","8","9.4%","5","9.1%","62.5%","4","66.7%"
"Stefon Diggs","NE","12","11.8%","9","10.6%","75.0%","4","100.0%","7","6.9%","5","5.9%","71.4%","3","75.0%"
"Courtland Sutton","DEN","19","15.3%","7","9.5%","36.8%","4","57.1%","7","5.6%","1","1.4%","14.3%","0","0.0%"
"DK Metcalf","PIT","13","13.1%","8","13.6%","61.5%","3","50.0%","7","7.1%","3","5.1%","42.9%","2","33.3%"
"Deebo Samuel Sr.","WAS","11","11.1%","9","12.5%","81.8%","4","80.0%","7","7.1%","6","8.3%","85.7%","3","60.0%"
"Troy Franklin","DEN","17","16.3%","14","21.5%","82.4%","4","66.7%","7","6.7%","4","6.2%","57.1%","4","66.7%"
"Malik Washington","MIA","11","16.9%","10","21.7%","90.9%","3","100.0%","7","10.8%","7","15.2%","100.0%","3","100.0%"
"Travis Kelce","KC","11","10.2%","9","11.8%","81.8%","3","60.0%","6","5.6%","4","5.3%","66.7%","3","60.0%"
"Keenan Allen","LAC","15","12.3%","7","8.6%","46.7%","4","100.0%","6","4.9%","2","2.5%","33.3%","2","50.0%"
"DJ Moore","CHI","11","12.9%","6","12.0%","54.5%","3","50.0%","6","7.1%","4","8.0%","66.7%","3","50.0%"
"Dalton Schultz","HOU","11","10.4%","5","6.1%","45.5%","3","100.0%","6","5.7%","3","3.7%","50.0%","3","100.0%"
"Dawson Knox","BUF","11","22.4%","7","19.4%","63.6%","4","100.0%","6","12.2%","3","8.3%","50.0%","1","25.0%"
"CeeDee Lamb","DAL","15","12.8%","8","10.7%","53.3%","2","66.7%","6","5.1%","2","2.7%","33.3%","0","0.0%"
"Tee Higgins","CIN","14","14.3%","10","16.9%","71.4%","4","36.4%","6","6.1%","3","5.1%","50.0%","3","27.3%"
"Travis Etienne Jr.","JAX","10","19.2%","8","22.2%","80.0%","5","83.3%","6","11.5%","4","11.1%","66.7%","2","33.3%"
"Gabe Davis","BUF","6","33.3%","4","33.3%","66.7%","1","100.0%","6","33.3%","4","33.3%","66.7%","1","100.0%"
"Kyle Pitts Sr.","ATL","11","9.3%","7","8.0%","63.6%","5","100.0%","6","5.1%","4","4.5%","66.7%","4","80.0%"
"Kenny Gainwell","PIT","17","20.0%","14","19.2%","82.4%","2","66.7%","6","7.1%","3","4.1%","50.0%","1","33.3%"
"Theo Johnson","NYG","14","18.9%","6","13.3%","42.9%","4","80.0%","6","8.1%","2","4.4%","33.3%","2","40.0%"
"Jaxon Smith-Njigba","SEA","15","9.2%","10","8.4%","66.7%","6","60.0%","6","3.7%","5","4.2%","83.3%","3","30.0%"
"Jalen Nailor","MIN","12","22.6%","6","20.7%","50.0%","4","100.0%","6","11.3%","3","10.3%","50.0%","3","75.0%"
"Quentin Johnston","LAC","14","16.5%","10","19.6%","71.4%","4","50.0%","6","7.1%","4","7.8%","66.7%","3","37.5%"
"Keon Coleman","BUF","8","13.6%","6","15.8%","75.0%","3","75.0%","6","10.2%","5","13.2%","83.3%","3","75.0%"
"AJ Barner","SEA","13","19.1%","10","19.2%","76.9%","5","83.3%","6","8.8%","3","5.8%","50.0%","3","50.0%"
"RJ Harvey","DEN","11","19.0%","9","19.1%","81.8%","4","80.0%","6","10.3%","5","10.6%","83.3%","3","60.0%"
"Elic Ayomanor","TEN","8","9.0%","5","12.2%","62.5%","4","100.0%","6","6.7%","3","7.3%","50.0%","3","75.0%"
"Tetairoa McMillan","CAR","15","12.3%","10","14.3%","66.7%","4","57.1%","6","4.9%","3","4.3%","50.0%","2","28.6%"
"Zach Ertz","WAS","8","11.1%","6","12.0%","75.0%","4","100.0%","5","6.9%","3","6.0%","60.0%","3","75.0%"
"Mike Evans","TB","9","14.8%","4","13.3%","44.4%","3","100.0%","5","8.2%","3","10.0%","60.0%","3","100.0%"
"Darren Waller","MIA","7","20.6%","6","25.0%","85.7%","6","100.0%","5","14.7%","5","20.8%","100.0%","5","83.3%"
"Chris Godwin Jr.","TB","6","11.8%","3","9.1%","50.0%","2","100.0%","5","9.8%","3","9.1%","60.0%","2","100.0%"
"George Kittle","SF","13","18.8%","12","21.1%","92.3%","6","85.7%","5","7.2%","4","7.0%","80.0%","3","42.9%"
"Jakobi Meyers","JAX","13","11.8%","7","9.3%","53.8%","3","100.0%","5","4.5%","3","4.0%","60.0%","2","66.7%"
"Darius Slayton","NYG","6","9.5%","1","2.7%","16.7%","0","0.0%","5","7.9%","1","2.7%","20.0%","0","0.0%"
"A.J. Brown","PHI","13","10.7%","9","11.5%","69.2%","3","42.9%","5","4.1%","2","2.6%","40.0%","2","28.6%"
"Javonte Williams","DAL","12","23.5%","8","22.9%","66.7%","2","100.0%","5","9.8%","3","8.6%","60.0%","2","100.0%"
"Jaylen Waddle","MIA","11","11.0%","8","12.5%","72.7%","3","50.0%","5","5.0%","2","3.1%","40.0%","2","33.3%"
"Zay Flowers","BAL","11","9.3%","7","8.1%","63.6%","1","20.0%","5","4.2%","3","3.5%","60.0%","1","20.0%"
"Jordan Addison","MIN","13","16.5%","7","16.7%","53.8%","3","100.0%","5","6.3%","2","4.8%","40.0%","1","33.3%"
"Wan'Dale Robinson","NYG","13","9.3%","4","4.3%","30.8%","1","25.0%","5","3.6%","0","0.0%","0.0%","0","0.0%"
"Jake Tonges","SF","7","15.2%","6","17.6%","85.7%","4","80.0%","5","10.9%","4","11.8%","80.0%","4","80.0%"
"Josh Downs","IND","15","17.0%","10","17.2%","66.7%","4","100.0%","5","5.7%","4","6.9%","80.0%","4","100.0%"
"Tre Tucker","LV","10","10.9%","6","10.5%","60.0%","3","60.0%","5","5.4%","4","7.0%","80.0%","3","60.0%"
"De'Von Achane","MIA","11","12.9%","7","10.4%","63.6%","3","75.0%","5","5.9%","4","6.0%","80.0%","2","50.0%"
"Chase Brown","CIN","10","11.4%","8","11.6%","80.0%","5","100.0%","5","5.7%","4","5.8%","80.0%","4","80.0%"
"Brian Thomas Jr.","JAX","7","7.7%","2","4.2%","28.6%","1","50.0%","5","5.5%","1","2.1%","20.0%","1","50.0%"
"Marvin Harrison Jr.","ARI","10","13.7%","6","14.6%","60.0%","4","100.0%","5","6.8%","3","7.3%","60.0%","3","75.0%"
"Rome Odunze","CHI","11","12.2%","5","11.4%","45.5%","3","50.0%","5","5.6%","3","6.8%","60.0%","3","50.0%"
"Ladd McConkey","LAC","14","13.2%","7","10.6%","50.0%","4","66.7%","5","4.7%","3","4.5%","60.0%","3","50.0%"
"Ryan Flournoy","DAL","7","12.5%","4","10.0%","57.1%","3","75.0%","5","8.9%","3","7.5%","60.0%","3","75.0%"
"Colston Loveland","CHI","13","15.9%","10","17.2%","76.9%","4","66.7%","5","6.1%","4","6.9%","80.0%","3","50.0%"
"Oronde Gadsden","LAC","14","20.3%","7","14.3%","50.0%","3","100.0%","5","7.2%","3","6.1%","60.0%","2","66.7%"
"Chimere Dike","TEN","13","17.6%","10","20.8%","76.9%","3","75.0%","5","6.8%","5","10.4%","100.0%","3","75.0%"
"Tyler Higbee","LAR","8","22.2%","6","24.0%","75.0%","2","66.7%","4","11.1%","2","8.0%","50.0%","2","66.7%"
"Cooper Kupp","SEA","12","17.1%","7","14.9%","58.3%","2","100.0%","4","5.7%","2","4.3%","50.0%","0","0.0%"
"Tim Patrick","JAX","9","36.0%","6","40.0%","66.7%","2","66.7%","4","16.0%","2","13.3%","50.0%","2","66.7%"
"Christian Kirk","HOU","6","11.5%","3","10.7%","50.0%","1","100.0%","4","7.7%","2","7.1%","50.0%","1","100.0%"
"Mike Gesicki","CIN","7","16.7%","3","10.7%","42.9%","2","100.0%","4","9.5%","1","3.6%","25.0%","0","0.0%"
"Chuba Hubbard","CAR","6","15.4%","4","13.3%","66.7%","1","33.3%","4","10.3%","3","10.0%","75.0%","1","33.3%"
"Chris Olave","NO","15","9.6%","7","7.0%","46.7%","5","55.6%","4","2.6%","1","1.0%","25.0%","1","11.1%"
"Treylon Burks","WAS","4","18.2%","1","10.0%","25.0%","1","100.0%","4","18.2%","1","10.0%","25.0%","1","100.0%"
"Darnell Washington","PIT","8","18.6%","6","19.4%","75.0%","1","100.0%","4","9.3%","2","6.5%","50.0%","1","100.0%"
"Bijan Robinson","ATL","13","12.6%","9","11.4%","69.2%","3","75.0%","4","3.9%","3","3.8%","75.0%","2","50.0%"
"Jahmyr Gibbs","DET","15","16.0%","12","15.6%","80.0%","5","100.0%","4","4.3%","4","5.2%","100.0%","2","40.0%"
"Khalil Shakir","BUF","12","12.6%","10","13.9%","83.3%","2","50.0%","4","4.2%","3","4.2%","75.0%","0","0.0%"
"Alec Pierce","IND","9","10.7%","4","8.5%","44.4%","4","66.7%","4","4.8%","1","2.1%","25.0%","1","16.7%"
"Jameson Williams","DET","9","8.8%","3","4.6%","33.3%","1","14.3%","4","3.9%","1","1.5%","25.0%","0","0.0%"
"Christian Watson","GB","6","10.9%","3","8.6%","50.0%","2","33.3%","4","7.3%","1","2.9%","25.0%","1","16.7%"
"Jaylen Warren","PIT","5","11.1%","4","10.0%","80.0%","1","50.0%","4","8.9%","4","10.0%","100.0%","1","50.0%"
"Dalton Kincaid","BUF","8","16.3%","6","15.4%","75.0%","3","60.0%","4","8.2%","3","7.7%","75.0%","1","20.0%"
"Andrei Iosivas","CIN","7","12.1%","2","6.1%","28.6%","1","50.0%","4","6.9%","1","3.0%","25.0%","1","50.0%"
"Parker Washington","JAX","13","13.7%","10","17.2%","76.9%","4","80.0%","4","4.2%","4","6.9%","100.0%","3","60.0%"
"Davis Allen","LAR","7","21.2%","5","20.8%","71.4%","3","100.0%","4","12.1%","2","8.3%","50.0%","2","66.7%"
"Michael Wilson","ARI","15","11.9%","8","10.3%","53.3%","4","57.1%","4","3.2%","2","2.6%","50.0%","0","0.0%"
"DeMario Douglas","NE","7","15.2%","4","12.9%","57.1%","2","66.7%","4","8.7%","2","6.5%","50.0%","1","33.3%"
"Xavier Hutchinson","HOU","7","12.3%","5","14.3%","71.4%","2","66.7%","4","7.0%","2","5.7%","50.0%","2","66.7%"
"Pat Bryant","DEN","8","16.3%","5","16.1%","62.5%","0","0.0%","4","8.2%","2","6.5%","50.0%","0","0.0%"
"Emeka Egbuka","TB","14","11.0%","5","7.9%","35.7%","2","33.3%","4","3.1%","0","0.0%","0.0%","0","0.0%"
"Kyle Juszczyk","SF","6","21.4%","6","25.0%","100.0%","2","100.0%","3","10.7%","3","12.5%","100.0%","2","100.0%"
"Austin Hooper","NE","5","19.2%","4","19.0%","80.0%","2","100.0%","3","11.5%","2","9.5%","66.7%","2","100.0%"
"David Njoku","CLE","9","18.8%","6","18.2%","66.7%","4","100.0%","3","6.3%","3","9.1%","100.0%","3","75.0%"
"Jonnu Smith","PIT","7","13.0%","5","13.2%","71.4%","2","100.0%","3","5.6%","3","7.9%","100.0%","2","100.0%"
"Saquon Barkley","PHI","7","14.0%","5","13.5%","71.4%","1","50.0%","3","6.0%","2","5.4%","66.7%","1","50.0%"
"Marquez Valdes-Scantling","PIT","5","17.2%","2","14.3%","40.0%","1","100.0%","3","10.3%","0","0.0%","0.0%","0","0.0%"
"Allen Lazard","NYJ","5","27.8%","3","30.0%","60.0%","1","100.0%","3","16.7%","1","10.0%","33.3%","1","100.0%"
"Tanner Hudson","CIN","5","20.8%","3","15.8%","60.0%","2","100.0%","3","12.5%","2","10.5%","66.7%","1","50.0%"
"Noah Fant","CIN","4","9.8%","2","5.9%","50.0%","2","66.7%","3","7.3%","2","5.9%","66.7%","2","66.7%"
"T.J. Hockenson","MIN","11","16.7%","8","15.7%","72.7%","3","100.0%","3","4.5%","3","5.9%","100.0%","3","100.0%"
"Lil'Jordan Humphrey","DEN","4","16.0%","1","7.7%","25.0%","1","100.0%","3","12.0%","1","7.7%","33.3%","1","100.0%"
"Terry McLaurin","WAS","7","11.7%","4","10.5%","57.1%","2","66.7%","3","5.0%","1","2.6%","33.3%","1","33.3%"
"Hunter Renfrow","CAR","6","23.1%","5","33.3%","83.3%","2","100.0%","3","11.5%","2","13.3%","66.7%","2","100.0%"
"David Sills V","ATL","6","16.7%","3","16.7%","50.0%","2","100.0%","3","8.3%","2","11.1%","66.7%","2","100.0%"
"Olamide Zaccheaus","CHI","12","18.5%","7","17.9%","58.3%","2","100.0%","3","4.6%","2","5.1%","66.7%","1","50.0%"
"DeVonta Smith","PHI","11","9.7%","7","9.1%","63.6%","2","50.0%","3","2.7%","3","3.9%","100.0%","2","50.0%"
"Jerry Jeudy","CLE","9","8.5%","1","2.0%","11.1%","0","0.0%","3","2.8%","0","0.0%","0.0%","0","0.0%"
"Darnell Mooney","ATL","8","11.1%","3","9.4%","37.5%","0","0.0%","3","4.2%","0","0.0%","0.0%","0","0.0%"
"Pat Freiermuth","PIT","8","14.8%","5","12.2%","62.5%","3","75.0%","3","5.6%","1","2.4%","33.3%","1","25.0%"
"Hunter Long","JAX","4","23.5%","3","25.0%","75.0%","2","100.0%","3","17.6%","2","16.7%","66.7%","2","100.0%"
"Breece Hall","NYJ","9","18.8%","2","5.6%","22.2%","0","0.0%","3","6.3%","0","0.0%","0.0%","0","0.0%"
"Michael Carter","ARI","7","15.6%","4","12.1%","57.1%","0","0.0%","3","6.7%","1","3.0%","33.3%","0","0.0%"
"Rashod Bateman","BAL","9","23.7%","5","26.3%","55.6%","2","100.0%","3","7.9%","2","10.5%","66.7%","2","100.0%"
"Tommy Tremble","CAR","5","13.5%","4","14.8%","80.0%","2","100.0%","3","8.1%","3","11.1%","100.0%","2","100.0%"
"Michael Mayer","LV","5","10.0%","5","14.3%","100.0%","1","100.0%","3","6.0%","3","8.6%","100.0%","1","100.0%"
"Sam LaPorta","DET","6","12.2%","4","10.0%","66.7%","2","66.7%","3","6.1%","3","7.5%","100.0%","2","66.7%"
"Kyren Williams","LAR","10","20.0%","8","22.2%","80.0%","3","100.0%","3","6.0%","3","8.3%","100.0%","2","66.7%"
"TreVeyon Henderson","NE","4","9.5%","4","11.4%","100.0%","1","100.0%","3","7.1%","3","8.6%","100.0%","1","100.0%"
"Isaiah Likely","BAL","7","19.4%","2","7.4%","28.6%","1","100.0%","3","8.3%","1","3.7%","33.3%","1","100.0%"
"Chig Okonkwo","TEN","5","6.3%","3","5.4%","60.0%","1","50.0%","3","3.8%","2","3.6%","66.7%","1","50.0%"
"John FitzPatrick","GB","4","26.7%","2","16.7%","50.0%","1","100.0%","3","20.0%","2","16.7%","66.7%","1","100.0%"
"Tucker Kraft","GB","12","27.3%","9","28.1%","75.0%","5","83.3%","3","6.8%","3","9.4%","100.0%","2","33.3%"
"Tyjae Spears","TEN","7","14.0%","7","15.6%","100.0%","0","0.0%","3","6.0%","3","6.7%","100.0%","0","0.0%"
"Brenton Strange","JAX","10","16.7%","6","13.0%","60.0%","2","66.7%","3","5.0%","3","6.5%","100.0%","2","66.7%"
"Elijah Higgins","ARI","5","13.5%","2","6.7%","40.0%","0","0.0%","3","8.1%","1","3.3%","33.3%","0","0.0%"
"Emari Demercado","ARI","4","20.0%","3","23.1%","75.0%","1","100.0%","3","15.0%","2","15.4%","66.7%","1","100.0%"
"Malik Nabers","NYG","4","11.4%","1","5.6%","25.0%","0","0.0%","3","8.6%","1","5.6%","33.3%","0","0.0%"
"Ricky Pearsall","SF","5","9.4%","1","2.8%","20.0%","0","0.0%","3","5.7%","0","0.0%","0.0%","0","0.0%"
"Tory Horton","SEA","4","18.2%","2","15.4%","50.0%","2","40.0%","3","13.6%","1","7.7%","33.3%","1","20.0%"
"Xavier Legette","CAR","11","17.2%","5","14.3%","45.5%","2","66.7%","3","4.7%","2","5.7%","66.7%","2","66.7%"
"Kimani Vidal","LAC","6","27.3%","3","18.8%","50.0%","1","100.0%","3","13.6%","2","12.5%","66.7%","1","100.0%"
"Devaughn Vele","NO","4","10.3%","2","8.0%","50.0%","2","100.0%","3","7.7%","1","4.0%","33.3%","1","50.0%"
"Ashton Jeanty","LV","10","13.7%","9","16.4%","90.0%","4","80.0%","3","4.1%","3","5.5%","100.0%","3","60.0%"
"Harold Fannin Jr.","CLE","10","9.3%","7","9.7%","70.0%","4","66.7%","3","2.8%","2","2.8%","66.7%","2","33.3%"
"Brashard Smith","KC","7","20.0%","6","24.0%","85.7%","1","100.0%","3","8.6%","3","12.0%","100.0%","1","100.0%"
"Jaylin Noel","HOU","5","14.3%","2","7.7%","40.0%","1","50.0%","3","8.6%","1","3.8%","33.3%","1","50.0%"
"Woody Marks","HOU","8","22.2%","5","20.8%","62.5%","3","100.0%","3","8.3%","2","8.3%","66.7%","2","66.7%"
"Gunnar Helm","TEN","8","14.5%","5","11.4%","62.5%","1","50.0%","3","5.5%","2","4.5%","66.7%","1","50.0%"
"Mason Taylor","NYJ","8","12.3%","7","15.9%","87.5%","1","100.0%","3","4.6%","2","4.5%","66.7%","1","100.0%"
"Elijah Arroyo","SEA","5","19.2%","2","13.3%","40.0%","0","0.0%","3","11.5%","2","13.3%","66.7%","0","0.0%"
"Isaiah Bond","CLE","4","9.1%","1","5.6%","25.0%","0","0.0%","3","6.8%","0","0.0%","0.0%","0","0.0%"
"Jayden Higgins","HOU","8","11.8%","5","12.2%","62.5%","4","66.7%","3","4.4%","1","2.4%","33.3%","1","16.7%"
"Isaac TeSlaa","DET","11","40.7%","7","43.8%","63.6%","6","100.0%","3","11.1%","1","6.3%","33.3%","1","16.7%"
"Tyler Lockett","LV","2","3.6%","1","3.1%","50.0%","1","100.0%","2","3.6%","1","3.1%","50.0%","1","100.0%"
"Sterling Shepard","TB","7","13.2%","4","10.3%","57.1%","1","100.0%","2","3.8%","0","0.0%","0.0%","0","0.0%"
"Tyreek Hill","MIA","2","6.9%","2","9.5%","100.0%","1","100.0%","2","6.9%","2","9.5%","100.0%","1","100.0%"
"Alvin Kamara","NO","5","12.8%","4","12.1%","80.0%","0","0.0%","2","5.1%","2","6.1%","100.0%","0","0.0%"
"JuJu Smith-Schuster","KC","8","17.8%","4","12.1%","50.0%","1","100.0%","2","4.4%","2","6.1%","100.0%","1","100.0%"
"Mo Alie-Cox","IND","6","30.0%","5","38.5%","83.3%","1","100.0%","2","10.0%","2","15.4%","100.0%","1","100.0%"
"Mack Hollins","NE","4","6.2%","4","8.7%","100.0%","2","100.0%","2","3.1%","2","4.3%","100.0%","2","100.0%"
"Cedrick Wilson Jr.","MIA","3","33.3%","1","20.0%","33.3%","0","0.0%","2","22.2%","0","0.0%","0.0%","0","0.0%"
"Ross Dwelley","DET","3","60.0%","1","50.0%","33.3%","0","0.0%","2","40.0%","0","0.0%","0.0%","0","0.0%"
"Josh Jacobs","GB","6","13.6%","5","13.9%","83.3%","1","100.0%","2","4.5%","2","5.6%","100.0%","0","0.0%"
"Josh Oliver","MIN","6","31.6%","5","33.3%","83.3%","3","75.0%","2","10.5%","2","13.3%","100.0%","1","25.0%"
"Andrew Beck","NYJ","2","22.2%","2","33.3%","100.0%","2","100.0%","2","22.2%","2","33.3%","100.0%","2","100.0%"
"Cole Kmet","CHI","5","10.4%","3","10.0%","60.0%","1","50.0%","2","4.2%","2","6.7%","100.0%","1","50.0%"
"Luke Farrell","SF","4","28.6%","3","27.3%","75.0%","2","100.0%","2","14.3%","1","9.1%","50.0%","1","50.0%"
"Jeremy Ruckert","NYJ","3","10.3%","1","4.3%","33.3%","1","100.0%","2","6.9%","1","4.3%","50.0%","1","100.0%"
"Joshua Palmer","BUF","6","16.2%","3","13.6%","50.0%","0","0.0%","2","5.4%","1","4.5%","50.0%","0","0.0%"
"John Bates","WAS","2","12.5%","1","9.1%","50.0%","1","100.0%","2","12.5%","1","9.1%","50.0%","1","100.0%"
"Dyami Brown","JAX","8","21.6%","4","20.0%","50.0%","1","100.0%","2","5.4%","1","5.0%","50.0%","1","100.0%"
"Adam Prentice","DEN","2","25.0%","1","16.7%","50.0%","0","0.0%","2","25.0%","1","16.7%","50.0%","0","0.0%"
"Brock Wright","DET","2","9.1%","2","14.3%","100.0%","2","100.0%","2","9.1%","2","14.3%","100.0%","2","100.0%"
"Cade Otton","TB","6","7.4%","3","5.1%","50.0%","1","100.0%","2","2.5%","1","1.7%","50.0%","0","0.0%"
"Charlie Kolar","BAL","2","13.3%","2","20.0%","100.0%","2","100.0%","2","13.3%","2","20.0%","100.0%","2","100.0%"
"John Metchie III","NYJ","4","8.3%","1","3.0%","25.0%","1","50.0%","2","4.2%","0","0.0%","0.0%","0","0.0%"
"Greg Dulcich","MIA","6","18.2%","3","11.5%","50.0%","1","100.0%","2","6.1%","0","0.0%","0.0%","0","0.0%"
"Isiah Pacheco","KC","4","15.4%","2","10.5%","50.0%","1","100.0%","2","7.7%","1","5.3%","50.0%","1","100.0%"
"Tyquan Thornton","KC","4","10.8%","2","10.5%","50.0%","2","66.7%","2","5.4%","1","5.3%","50.0%","1","33.3%"
"Rashid Shaheed","SEA","9","9.8%","6","10.2%","66.7%","1","50.0%","2","2.2%","1","1.7%","50.0%","1","50.0%"
"KaVontae Turpin","DAL","4","10.5%","3","11.5%","75.0%","1","50.0%","2","5.3%","2","7.7%","100.0%","1","50.0%"
"Hunter Luepke","DAL","4","26.7%","4","30.8%","100.0%","1","100.0%","2","13.3%","2","15.4%","100.0%","1","100.0%"
"Cedric Tillman","CLE","4","10.3%","4","19.0%","100.0%","2","100.0%","2","5.1%","2","9.5%","100.0%","1","50.0%"
"Xavier Worthy","KC","6","8.2%","4","9.5%","66.7%","1","100.0%","2","2.7%","1","2.4%","50.0%","1","100.0%"
"Braelon Allen","NYJ","2","66.7%","1","50.0%","50.0%","0","0.0%","2","66.7%","1","50.0%","50.0%","0","0.0%"
"Ja'Tavion Sanders","CAR","10","29.4%","8","27.6%","80.0%","1","100.0%","2","5.9%","2","6.9%","100.0%","1","100.0%"
"Ray Davis","BUF","4","30.8%","4","40.0%","100.0%","2","100.0%","2","15.4%","2","20.0%","100.0%","1","50.0%"
"Cade Stover","HOU","3","18.8%","3","25.0%","100.0%","0","0.0%","2","12.5%","2","16.7%","100.0%","0","0.0%"
"Jalen Coker","CAR","3","7.0%","2","6.1%","66.7%","1","33.3%","2","4.7%","2","6.1%","100.0%","1","33.3%"
"Brevyn Spann-Ford","DAL","2","15.4%","2","22.2%","100.0%","1","100.0%","2","15.4%","2","22.2%","100.0%","1","100.0%"
"Mitchell Evans","CAR","3","12.0%","2","10.5%","66.7%","2","100.0%","2","8.0%","2","10.5%","100.0%","2","100.0%"
"Dylan Sampson","CLE","6","15.0%","4","12.1%","66.7%","1","50.0%","2","5.0%","1","3.0%","50.0%","1","50.0%"
"Terrance Ferguson","LAR","3","12.0%","1","9.1%","33.3%","1","33.3%","2","8.0%","1","9.1%","50.0%","1","33.3%"
"Jackson Hawes","BUF","3","15.8%","3","18.8%","100.0%","2","66.7%","2","10.5%","2","12.5%","100.0%","2","66.7%"
"Jahdae Walker","CHI","2","20.0%","1","16.7%","50.0%","1","50.0%","2","20.0%","1","16.7%","50.0%","1","50.0%"
"Adam Thielen","PIT","3","8.6%","2","10.5%","66.7%","0","0.0%","1","2.9%","1","5.3%","100.0%","0","0.0%"
"Raheem Mostert","LV","1","8.3%","1","8.3%","100.0%","0","0.0%","1","8.3%","1","8.3%","100.0%","0","0.0%"
"Demarcus Robinson","SF","3","8.6%","1","4.5%","33.3%","0","0.0%","1","2.9%","0","0.0%","0.0%","0","0.0%"
"Kalif Raymond","DET","2","6.7%","1","4.2%","50.0%","0","0.0%","1","3.3%","0","0.0%","0.0%","0","0.0%"
"Curtis Samuel","BUF","1","11.1%","1","14.3%","100.0%","1","100.0%","1","11.1%","1","14.3%","100.0%","1","100.0%"
"Kareem Hunt","KC","4","16.0%","2","11.1%","50.0%","1","100.0%","1","4.0%","1","5.6%","100.0%","1","100.0%"
"James Conner","ARI","1","11.1%","1","12.5%","100.0%","1","100.0%","1","11.1%","1","12.5%","100.0%","1","100.0%"
"Pharaoh Brown","ARI","1","50.0%","1","50.0%","100.0%","0","0.0%","1","50.0%","1","50.0%","100.0%","0","0.0%"
"Kendrick Bourne","SF","2","3.8%","1","2.7%","50.0%","0","0.0%","1","1.9%","1","2.7%","100.0%","0","0.0%"
"Dare Ogunbowale","HOU","3","23.1%","2","20.0%","66.7%","0","0.0%","1","7.7%","1","10.0%","100.0%","0","0.0%"
"Ty Johnson","BUF","4","12.1%","2","8.3%","50.0%","1","50.0%","1","3.0%","1","4.2%","100.0%","1","50.0%"
"Drew Sample","CIN","1","5.0%","1","6.7%","100.0%","1","100.0%","1","5.0%","1","6.7%","100.0%","1","100.0%"
"Devin Singletary","NYG","2","10.5%","2","11.1%","100.0%","0","0.0%","1","5.3%","1","5.6%","100.0%","0","0.0%"
"Jonathan Taylor","IND","4","7.3%","4","8.7%","100.0%","2","100.0%","1","1.8%","1","2.2%","100.0%","1","50.0%"
"Devin Duvernay","CHI","1","20.0%","1","50.0%","100.0%","0","0.0%","1","20.0%","1","50.0%","100.0%","0","0.0%"
"Juwan Johnson","NO","8","7.8%","5","6.5%","62.5%","2","66.7%","1","1.0%","0","0.0%","0.0%","0","0.0%"
"Van Jefferson","TEN","3","5.8%","2","6.9%","66.7%","1","100.0%","1","1.9%","1","3.4%","100.0%","1","100.0%"
"Isaiah Hodgins","NYG","4","21.1%","1","10.0%","25.0%","1","100.0%","1","5.3%","0","0.0%","0.0%","0","0.0%"
"Noah Gray","KC","3","8.1%","1","4.8%","33.3%","0","0.0%","1","2.7%","0","0.0%","0.0%","0","0.0%"
"Adam Trautman","DEN","1","4.3%","1","5.0%","100.0%","1","100.0%","1","4.3%","1","5.0%","100.0%","1","100.0%"
"Josiah Deguara","ARI","1","20.0%","1","33.3%","100.0%","1","100.0%","1","20.0%","1","33.3%","100.0%","1","100.0%"
"AJ Dillon","PHI","1","33.3%","1","33.3%","100.0%","0","0.0%","1","33.3%","1","33.3%","100.0%","0","0.0%"
"Ty Chandler","MIN","2","50.0%","1","33.3%","50.0%","0","0.0%","1","25.0%","0","0.0%","0.0%","0","0.0%"
"Rico Dowdle","CAR","5","10.0%","3","7.7%","60.0%","0","0.0%","1","2.0%","1","2.6%","100.0%","0","0.0%"
"Quintin Morris","JAX","2","22.2%","1","16.7%","50.0%","1","100.0%","1","11.1%","1","16.7%","100.0%","1","100.0%"
"Calvin Austin III","PIT","4","7.3%","3","9.7%","75.0%","2","66.7%","1","1.8%","0","0.0%","0.0%","0","0.0%"
"Tylan Wallace","BAL","2","25.0%","1","25.0%","50.0%","1","100.0%","1","12.5%","0","0.0%","0.0%","0","0.0%"
"Kayshon Boutte","NE","2","4.3%","2","6.1%","100.0%","2","33.3%","1","2.2%","1","3.0%","100.0%","1","16.7%"
"Garrett Wilson","NYJ","4","6.8%","2","5.6%","50.0%","2","50.0%","1","1.7%","1","2.8%","100.0%","1","25.0%"
"Marvin Mims Jr.","DEN","3","5.9%","2","5.4%","66.7%","0","0.0%","1","2.0%","1","2.7%","100.0%","0","0.0%"
"Zach Charbonnet","SEA","3","12.5%","3","15.0%","100.0%","0","0.0%","1","4.2%","1","5.0%","100.0%","0","0.0%"
"Brian Robinson","SF","4","33.3%","3","37.5%","75.0%","0","0.0%","1","8.3%","1","12.5%","100.0%","0","0.0%"
"Kenneth Walker","SEA","3","8.3%","2","6.5%","66.7%","0","0.0%","1","2.8%","1","3.2%","100.0%","0","0.0%"
"Rachaad White","TB","10","22.2%","9","22.5%","90.0%","0","0.0%","1","2.2%","1","2.5%","100.0%","0","0.0%"
"Tyler Badie","DEN","4","12.9%","3","15.8%","75.0%","0","0.0%","1","3.2%","0","0.0%","0.0%","0","0.0%"
"James Cook III","BUF","3","7.5%","3","9.1%","100.0%","1","50.0%","1","2.5%","1","3.0%","100.0%","1","50.0%"
"Dontayvion Wicks","GB","4","8.7%","3","10.0%","75.0%","1","50.0%","1","2.2%","1","3.3%","100.0%","1","50.0%"
"Daniel Bellinger","NYG","6","23.1%","4","21.1%","66.7%","0","0.0%","1","3.8%","1","5.3%","100.0%","0","0.0%"
"Grant Calcaterra","PHI","3","21.4%","2","22.2%","66.7%","1","100.0%","1","7.1%","0","0.0%","0.0%","0","0.0%"
"Connor Heyward","PIT","2","50.0%","1","33.3%","50.0%","1","100.0%","1","25.0%","0","0.0%","0.0%","0","0.0%"
"Drew Ogletree","IND","2","33.3%","2","50.0%","100.0%","1","100.0%","1","16.7%","1","25.0%","100.0%","1","100.0%"
"Tanner Conner","NYG","3","20.0%","1","11.1%","33.3%","0","0.0%","1","6.7%","0","0.0%","0.0%","0","0.0%"
"Kevin Austin Jr.","NO","2","8.7%","1","7.7%","50.0%","1","100.0%","1","4.3%","1","7.7%","100.0%","1","100.0%"
"Bam Knight","ARI","6","19.4%","4","18.2%","66.7%","1","100.0%","1","3.2%","0","0.0%","0.0%","0","0.0%"
"Sean Tucker","TB","3","27.3%","1","12.5%","33.3%","0","0.0%","1","9.1%","0","0.0%","0.0%","0","0.0%"
"Emanuel Wilson","GB","2","11.8%","1","6.7%","50.0%","0","0.0%","1","5.9%","0","0.0%","0.0%","0","0.0%"
"Mitch Tinsley","CIN","5","20.8%","2","25.0%","40.0%","2","100.0%","1","4.2%","0","0.0%","0.0%","0","0.0%"
"Josh Whyle","GB","1","16.7%","1","20.0%","100.0%","1","100.0%","1","16.7%","1","20.0%","100.0%","1","100.0%"
"Scott Matlock","LAC","1","25.0%","1","25.0%","100.0%","1","100.0%","1","25.0%","1","25.0%","100.0%","1","100.0%"
"Nate Adkins","DEN","2","18.2%","1","16.7%","50.0%","1","100.0%","1","9.1%","0","0.0%","0.0%","0","0.0%"
"Dylan Drummond","ATL","3","27.3%","1","14.3%","33.3%","0","0.0%","1","9.1%","0","0.0%","0.0%","0","0.0%"
"Caleb Williams","CHI","1","50.0%","1","50.0%","100.0%","1","100.0%","1","50.0%","1","50.0%","100.0%","1","100.0%"
"Adonai Mitchell","NYJ","7","9.5%","3","9.1%","42.9%","1","50.0%","1","1.4%","1","3.0%","100.0%","1","50.0%"
"Bucky Irving","TB","4","11.4%","3","10.0%","75.0%","1","33.3%","1","2.9%","1","3.3%","100.0%","1","33.3%"
"Devontez Walker","BAL","1","12.5%","1","16.7%","100.0%","1","33.3%","1","12.5%","1","16.7%","100.0%","1","33.3%"
"Malachi Corley","CLE","1","7.1%","1","9.1%","100.0%","0","0.0%","1","7.1%","1","9.1%","100.0%","0","0.0%"
"Ben Sinnott","WAS","1","7.7%","1","9.1%","100.0%","1","100.0%","1","7.7%","1","9.1%","100.0%","1","100.0%"
"Luke McCaffrey","WAS","2","13.3%","1","9.1%","50.0%","1","33.3%","1","6.7%","1","9.1%","100.0%","1","33.3%"
"Konata Mumpfield","LAR","4","17.4%","3","30.0%","75.0%","1","100.0%","1","4.3%","1","10.0%","100.0%","1","100.0%"
"Tyrone Tracy Jr.","NYG","5","10.4%","4","11.1%","80.0%","2","100.0%","1","2.1%","1","2.8%","100.0%","0","0.0%"
"Devin Culp","TB","1","100.0%","1","100.0%","100.0%","1","100.0%","1","100.0%","1","100.0%","100.0%","1","100.0%"
"David Martin-Robinson","TEN","1","16.7%","1","25.0%","100.0%","1","100.0%","1","16.7%","1","25.0%","100.0%","1","100.0%"
"Cam Skattebo","NYG","4","12.5%","3","12.5%","75.0%","2","100.0%","1","3.1%","0","0.0%","0.0%","0","0.0%"
"Jack Bech","LV","3","10.3%","3","15.0%","100.0%","0","0.0%","1","3.4%","1","5.0%","100.0%","0","0.0%"
"Bhayshul Tuten","JAX","2","14.3%","2","20.0%","100.0%","2","100.0%","1","7.1%","1","10.0%","100.0%","1","50.0%"
"Tre' Harris","LAC","5","11.6%","3","10.0%","60.0%","1","100.0%","1","2.3%","1","3.3%","100.0%","1","100.0%"
"Efton Chism III","NE","1","33.3%","1","33.3%","100.0%","1","100.0%","1","33.3%","1","33.3%","100.0%","1","100.0%"
"Tez Johnson","TB","7","15.9%","6","21.4%","85.7%","3","60.0%","1","2.3%","1","3.6%","100.0%","1","20.0%"
"Kyle Monangai","CHI","3","10.0%","2","11.1%","66.7%","0","0.0%","1","3.3%","1","5.6%","100.0%","0","0.0%"
"Omarion Hampton","LAC","2","5.7%","2","6.3%","100.0%","1","100.0%","1","2.9%","1","3.1%","100.0%","1","100.0%"
"Quinn Ewers","MIA","1","100.0%","1","100.0%","100.0%","0","0.0%","1","100.0%","1","100.0%","100.0%","0","0.0%"
"Travis Hunter","JAX","4","8.9%","2","7.1%","50.0%","0","0.0%","1","2.2%","1","3.6%","100.0%","0","0.0%"
"Savion Williams","GB","4","40.0%","4","40.0%","100.0%","1","100.0%","1","10.0%","1","10.0%","100.0%","1","100.0%"
"Ameer Abdullah","IND","1","5.9%","1","6.3%","100.0%","0","0.0%","0","0.0%","0","0.0%","0.0%","0","0.0%"
"Derrick Henry","BAL","2","9.5%","2","13.3%","100.0%","0","0.0%","0","0.0%","0","0.0%","0.0%","0","0.0%"
"Evan Engram","DEN","10","13.2%","7","14.0%","70.0%","1","100.0%","0","0.0%","0","0.0%","0.0%","0","0.0%"
"Samaje Perine","CIN","1","4.8%","1","5.9%","100.0%","0","0.0%","0","0.0%","0","0.0%","0.0%","0","0.0%"
"Eric Saubert","SEA","3","42.9%","2","50.0%","66.7%","0","0.0%","0","0.0%","0","0.0%","0.0%","0","0.0%"
"Aaron Jones Sr.","MIN","5","12.2%","3","10.7%","60.0%","0","0.0%","0","0.0%","0","0.0%","0.0%","0","0.0%"
"Jeremy McNichols","WAS","2","6.5%","2","8.0%","100.0%","0","0.0%","0","0.0%","0","0.0%","0.0%","0","0.0%"
"Anthony Firkser","DET","3","30.0%","3","37.5%","100.0%","0","0.0%","0","0.0%","0","0.0%","0.0%","0","0.0%"
"Nick Chubb","HOU","2","10.0%","1","7.7%","50.0%","0","0.0%","0","0.0%","0","0.0%","0.0%","0","0.0%"
"Justin Watson","HOU","2","50.0%","1","33.3%","50.0%","0","0.0%","0","0.0%","0","0.0%","0.0%","0","0.0%"
"Will Dissly","LAC","1","5.9%","1","9.1%","100.0%","0","0.0%","0","0.0%","0","0.0%","0.0%","0","0.0%"
"Braxton Berrios","HOU","2","25.0%","2","33.3%","100.0%","0","0.0%","0","0.0%","0","0.0%","0.0%","0","0.0%"
"Trent Sherfield","ARI","2","40.0%","1","33.3%","50.0%","0","0.0%","0","0.0%","0","0.0%","0.0%","0","0.0%"
"Justice Hill","BAL","1","3.7%","1","4.8%","100.0%","1","100.0%","0","0.0%","0","0.0%","0.0%","0","0.0%"
"David Montgomery","DET","2","6.9%","1","4.2%","50.0%","0","0.0%","0","0.0%","0","0.0%","0.0%","0","0.0%"
"Foster Moreau","NO","1","10.0%","1","14.3%","100.0%","0","0.0%","0","0.0%","0","0.0%","0.0%","0","0.0%"
"Tony Pollard","TEN","1","2.4%","1","3.0%","100.0%","0","0.0%","0","0.0%","0","0.0%","0.0%","0","0.0%"
"Miles Sanders","DAL","1","12.5%","1","12.5%","100.0%","0","0.0%","0","0.0%","0","0.0%","0.0%","0","0.0%"
"Trayveon Williams","CLE","2","22.2%","2","25.0%","100.0%","0","0.0%","0","0.0%","0","0.0%","0.0%","0","0.0%"
"Greg Dortch","ARI","7","21.2%","7","24.1%","100.0%","2","66.7%","0","0.0%","0","0.0%","0.0%","0","0.0%"
"Scotty Miller","PIT","2","14.3%","1","11.1%","50.0%","0","0.0%","0","0.0%","0","0.0%","0.0%","0","0.0%"
"Ashton Dulin","IND","1","10.0%","1","20.0%","100.0%","0","0.0%","0","0.0%","0","0.0%","0.0%","0","0.0%"
"Tyler Johnson","NYJ","3","16.7%","2","16.7%","66.7%","1","100.0%","0","0.0%","0","0.0%","0.0%","0","0.0%"
"D'Andre Swift","CHI","1","2.1%","1","2.9%","100.0%","0","0.0%","0","0.0%","0","0.0%","0.0%","0","0.0%"
"Charlie Woerner","ATL","1","9.1%","1","12.5%","100.0%","0","0.0%","0","0.0%","0","0.0%","0.0%","0","0.0%"
"Andre Baccellia","ARI","2","50.0%","1","50.0%","50.0%","0","0.0%","0","0.0%","0","0.0%","0.0%","0","0.0%"
"Rhamondre Stevenson","NE","5","13.5%","5","15.6%","100.0%","1","50.0%","0","0.0%","0","0.0%","0.0%","0","0.0%"
"Ronnie Bell","NO","2","50.0%","1","50.0%","50.0%","1","100.0%","0","0.0%","0","0.0%","0.0%","0","0.0%"
"Jack Stoll","NO","1","9.1%","1","16.7%","100.0%","1","100.0%","0","0.0%","0","0.0%","0.0%","0","0.0%"
"Kylen Granson","PHI","1","11.1%","1","14.3%","100.0%","0","0.0%","0","0.0%","0","0.0%","0.0%","0","0.0%"
"Michael Bandy","DEN","1","25.0%","1","25.0%","100.0%","1","100.0%","0","0.0%","0","0.0%","0.0%","0","0.0%"
"Chris Brooks","GB","3","17.6%","1","7.7%","33.3%","0","0.0%","0","0.0%","0","0.0%","0.0%","0","0.0%"
"Tank Bigsby","PHI","1","25.0%","1","33.3%","100.0%","0","0.0%","0","0.0%","0","0.0%","0.0%","0","0.0%"
"Jerome Ford","CLE","6","18.8%","5","19.2%","83.3%","0","0.0%","0","0.0%","0","0.0%","0.0%","0","0.0%"
"Jayden Reed","GB","4","18.2%","4","21.1%","100.0%","1","100.0%","0","0.0%","0","0.0%","0.0%","0","0.0%"
"Tyler Allgeier","ATL","1","6.3%","1","7.1%","100.0%","0","0.0%","0","0.0%","0","0.0%","0.0%","0","0.0%"
"Jordan Mason","MIN","1","6.3%","1","7.1%","100.0%","0","0.0%","0","0.0%","0","0.0%","0.0%","0","0.0%"
"Luke Schoonmaker","DAL","2","8.7%","1","7.1%","50.0%","0","0.0%","0","0.0%","0","0.0%","0.0%","0","0.0%"
"Trey Benson","ARI","1","6.3%","1","7.7%","100.0%","0","0.0%","0","0.0%","0","0.0%","0.0%","0","0.0%"
"Brycen Tremayne","CAR","1","5.3%","1","7.1%","100.0%","0","0.0%","0","0.0%","0","0.0%","0.0%","0","0.0%"
"Julian Hill","MIA","3","15.0%","1","6.7%","33.3%","0","0.0%","0","0.0%","0","0.0%","0.0%","0","0.0%"
"Ryan Miller","NYG","1","25.0%","1","50.0%","100.0%","1","100.0%","0","0.0%","0","0.0%","0.0%","0","0.0%"
"Xavier Gipson","NYG","1","50.0%","1","50.0%","100.0%","0","0.0%","0","0.0%","0","0.0%","0.0%","0","0.0%"
"Zavier Scott","MIN","3","18.8%","3","21.4%","100.0%","1","100.0%","0","0.0%","0","0.0%","0.0%","0","0.0%"
"Xavier Smith","LAR","3","12.5%","3","16.7%","100.0%","0","0.0%","0","0.0%","0","0.0%","0.0%","0","0.0%"
"Jamari Thrash","CLE","1","6.7%","1","10.0%","100.0%","0","0.0%","0","0.0%","0","0.0%","0.0%","0","0.0%"
"Xavier Weaver","ARI","3","23.1%","2","28.6%","66.7%","0","0.0%","0","0.0%","0","0.0%","0.0%","0","0.0%"
"Rasheen Ali","BAL","1","9.1%","1","11.1%","100.0%","0","0.0%","0","0.0%","0","0.0%","0.0%","0","0.0%"
"Isaiah Davis","NYJ","1","3.6%","1","4.8%","100.0%","0","0.0%","0","0.0%","0","0.0%","0.0%","0","0.0%"
"Jalen McMillan","TB","1","6.7%","1","8.3%","100.0%","0","0.0%","0","0.0%","0","0.0%","0.0%","0","0.0%"
"Tahj Washington","MIA","1","20.0%","1","33.3%","100.0%","0","0.0%","0","0.0%","0","0.0%","0.0%","0","0.0%"
"Jordan Whittington","LAR","1","4.0%","1","5.6%","100.0%","0","0.0%","0","0.0%","0","0.0%","0.0%","0","0.0%"
"Isaiah Williams","NYJ","1","2.8%","1","3.8%","100.0%","0","0.0%","0","0.0%","0","0.0%","0.0%","0","0.0%"
"Mason Tipton","NO","2","11.8%","1","9.1%","50.0%","0","0.0%","0","0.0%","0","0.0%","0.0%","0","0.0%"
"Devin Neal","NO","1","5.3%","1","5.9%","100.0%","0","0.0%","0","0.0%","0","0.0%","0.0%","0","0.0%"
"Matthew Golden","GB","2","4.5%","1","3.4%","50.0%","0","0.0%","0","0.0%","0","0.0%","0.0%","0","0.0%"
"Xavier Restrepo","TEN","1","14.3%","1","33.3%","100.0%","0","0.0%","0","0.0%","0","0.0%","0.0%","0","0.0%"
"Quinshon Judkins","CLE","1","2.8%","1","3.8%","100.0%","0","0.0%","0","0.0%","0","0.0%","0.0%","0","0.0%"
"Ollie Gordon II","MIA","2","22.2%","2","28.6%","100.0%","1","100.0%","0","0.0%","0","0.0%","0.0%","0","0.0%"
"Corey Kiner","ARI","1","33.3%","1","50.0%","100.0%","0","0.0%","0","0.0%","0","0.0%","0.0%","0","0.0%"
"Jaylin Lane","WAS","2","6.3%","1","6.3%","50.0%","0","0.0%","0","0.0%","0","0.0%","0.0%","0","0.0%"
"Jimmy Horn Jr.","CAR","3","20.0%","1","9.1%","33.3%","0","0.0%","0","0.0%","0","0.0%","0.0%","0","0.0%"
"LeQuint Allen Jr.","JAX","2","18.2%","2","20.0%","100.0%","0","0.0%","0","0.0%","0","0.0%","0.0%","0","0.0%"
"Luther Burden III","CHI","4","6.7%","3","6.4%","75.0%","0","0.0%","0","0.0%","0","0.0%","0.0%","0","0.0%"
"Keandre Lambert-Smith","LAC","2","16.7%","2","40.0%","100.0%","1","100.0%","0","0.0%","0","0.0%","0.0%","0","0.0%"
"Dont'e Thornton Jr.","LV","2","6.7%","1","10.0%","50.0%","0","0.0%","0","0.0%","0","0.0%","0.0%","0","0.0%"
"Jacory Croskey-Merritt","WAS","1","7.7%","1","11.1%","100.0%","0","0.0%","0","0.0%","0","0.0%","0.0%","0","0.0%"