"Name","Team","Games Played","RB PTS%","ATT%","YD%","TD%","TGT%","REC%","YD%","TD%"
"Jonathan Taylor","IND","17","89.5","86.6","89.8","94.7","10.4","12.8","9.3","8.0"
"Ashton Jeanty","LV","17","87.1","86.6","87.1","100.0","14.8","16.2","10.4","25.0"
"Saquon Barkley","PHI","16","80.3","80.7","75.2","87.5","11.6","12.5","8.4","8.0"
"Christian McCaffrey","SF","17","78.5","76.8","75.2","83.3","23.5","25.7","21.4","21.2"
"Omarion Hampton","LAC","9","77.4","67.4","73.6","100.0","12.3","16.4","8.9","7.7"
"Chase Brown","CIN","17","77.3","69.5","70.4","66.7","14.5","16.8","10.3","13.9"
"Josh Jacobs","GB","15","75.0","73.4","71.6","92.9","10.5","11.8","7.9","4.0"
"Bijan Robinson","ATL","17","74.6","65.4","72.0","46.7","19.8","23.8","22.1","21.1"
"De'Von Achane","MIA","16","74.3","66.5","74.4","61.5","19.4","22.0","15.3","18.2"
"Cam Skattebo","NYG","8","71.4","58.0","62.8","83.3","13.1","15.9","11.7","18.2"
"Derrick Henry","BAL","17","70.0","78.3","77.6","84.2","5.2","5.4","4.6","0.0"
"Javonte Williams","DAL","16","69.6","70.0","71.0","78.6","8.7","8.6","3.0","6.5"
"Travis Etienne Jr.","JAX","17","69.4","69.7","71.8","58.3","9.5","10.5","7.3","20.7"
"Jahmyr Gibbs","DET","17","68.1","59.7","62.5","61.9","17.1","19.5","13.5","14.3"
"Breece Hall","NYJ","16","67.2","77.1","74.8","66.7","10.7","12.6","12.9","7.1"
"James Cook III","BUF","17","67.0","73.7","77.2","80.0","8.4","9.6","7.3","6.9"
"Kyren Williams","LAR","17","66.4","62.7","61.3","62.5","8.6","9.3","6.0","6.5"
"Tony Pollard","TEN","17","65.5","73.8","76.6","71.4","7.8","9.7","6.4","0.0"
"D'Andre Swift","CHI","16","64.6","60.4","63.6","64.3","9.6","10.9","8.1","4.2"
"Quinshon Judkins","CLE","14","63.4","78.0","79.4","100.0","8.3","9.8","6.7","0.0"
"Alvin Kamara","NO","11","63.1","67.2","65.0","50.0","10.7","13.1","7.7","0.0"
"Bucky Irving","TB","10","62.8","69.8","65.4","20.0","11.3","15.0","12.7","20.0"
"Rico Dowdle","CAR","17","62.7","60.4","64.0","85.7","10.4","11.9","9.0","4.2"
"James Conner","ARI","3","58.3","58.2","43.2","100.0","10.2","13.3","7.0","25.0"
"Aaron Jones Sr.","MIN","12","57.8","55.9","54.3","40.0","13.8","15.6","10.8","8.3"
"Jaylen Warren","PIT","16","55.6","64.3","66.4","66.7","9.0","11.6","9.7","8.0"
"Woody Marks","HOU","16","52.5","52.0","48.5","42.9","6.9","7.0","5.5","13.0"
"Rhamondre Stevenson","NE","14","52.3","42.6","42.9","53.8","9.5","10.7","9.5","7.7"
"J.K. Dobbins","DEN","10","52.2","72.9","76.3","66.7","4.2","5.2","1.7","0.0"
"Kareem Hunt","KC","17","51.2","48.5","49.0","88.9","4.6","5.0","3.6","4.3"
"Kimani Vidal","LAC","13","50.4","54.0","52.4","50.0","5.4","5.8","4.8","5.3"
"RJ Harvey","DEN","17","49.8","41.2","34.5","58.3","10.0","12.1","9.1","20.0"
"TreVeyon Henderson","NE","17","48.6","48.5","53.0","50.0","8.7","9.7","5.0","3.2"
"Zach Charbonnet","SEA","16","48.5","45.1","40.5","75.0","5.5","6.5","3.8","0.0"
"Kenneth Walker","SEA","17","47.7","50.3","54.4","27.8","7.9","9.5","6.9","0.0"
"Jacory Croskey-Merritt","WAS","17","46.8","50.7","51.3","53.3","3.0","3.1","2.0","0.0"
"Kenny Gainwell","PIT","17","46.6","32.3","34.3","45.5","16.3","20.1","13.4","11.5"
"Jordan Mason","MIN","16","45.5","49.2","53.6","66.7","3.5","4.8","1.6","0.0"
"Tyrone Tracy Jr.","NYG","15","43.9","51.3","52.8","16.7","10.8","12.8","8.6","11.8"
"Chuba Hubbard","CAR","15","43.4","40.6","40.8","16.7","9.0","10.2","7.7","15.8"
"Trey Benson","ARI","4","42.9","43.9","60.6","0.0","12.5","14.9","8.6","0.0"
"Audric Estimé","NO","7","42.7","35.1","39.9","33.3","6.3","7.9","5.7","0.0"
"Jawhar Jordan","HOU","4","41.1","40.6","43.8","0.0","6.1","9.0","3.8","0.0"
"Phil Mafah","DAL","1","40.6","21.7","19.1","50.0","8.7","14.3","7.7","0.0"
"Chris Rodriguez Jr.","WAS","13","39.4","40.9","41.8","54.5","1.2","1.4","1.2","0.0"
"Devin Neal","NO","11","39.2","32.8","33.7","66.7","5.4","7.0","4.1","0.0"
"Tyjae Spears","TEN","13","38.6","28.2","25.2","33.3","12.0","16.4","10.1","0.0"
"Isiah Pacheco","KC","13","38.4","47.2","49.7","16.7","6.5","7.0","3.4","4.5"
"Bam Knight","ARI","12","38.3","40.2","32.6","66.7","6.7","6.8","4.8","4.8"
"Kyle Monangai","CHI","17","38.3","42.3","40.7","33.3","5.7","5.4","4.1","0.0"
"Michael Carter","ARI","13","37.8","43.0","37.0","20.0","9.0","9.5","7.5","0.0"
"Austin Ekeler","WAS","2","36.6","43.8","25.7","0.0","10.1","11.6","8.8","0.0"
"Rachaad White","TB","17","36.0","33.2","38.2","33.3","8.3","11.4","5.8","0.0"
"Nick Chubb","HOU","15","34.8","35.6","39.5","50.0","4.0","4.0","1.9","0.0"
"Kendre Miller","NO","7","32.5","32.6","35.4","50.0","2.2","3.2","2.1","0.0"
"Blake Corum","LAR","17","32.4","35.1","36.5","37.5","2.4","2.1","0.8","0.0"
"David Montgomery","DET","17","31.6","38.8","36.6","38.1","5.3","6.1","4.2","0.0"
"Raheim Sanders","CLE","4","30.7","33.8","37.7","100.0","3.5","3.8","2.8","0.0"
"Devin Singletary","NYG","17","27.6","30.1","27.5","41.7","3.8","5.6","4.1","0.0"
"Emanuel Wilson","GB","17","26.8","32.4","32.4","18.8","3.8","4.6","2.6","0.0"
"Dylan Sampson","CLE","15","26.5","20.4","15.9","0.0","8.6","11.6","9.6","13.3"
"Sean Tucker","TB","17","26.5","21.6","21.4","58.3","2.0","2.3","0.9","4.0"
"Bhayshul Tuten","JAX","15","26.1","24.9","22.2","41.7","2.9","3.4","2.3","7.7"
"Justice Hill","BAL","10","25.7","8.7","9.6","20.0","10.8","11.9","8.6","6.3"
"Miles Sanders","DAL","4","24.7","23.8","26.9","20.0","4.8","6.5","2.6","0.0"
"Tyler Allgeier","ATL","17","24.6","32.6","25.0","53.3","3.1","4.2","2.6","0.0"
"Najee Harris","LAC","3","24.0","26.3","30.0","0.0","2.8","4.2","2.9","0.0"
"Emari Demercado","ARI","13","23.7","19.2","30.9","0.0","4.4","4.1","3.2","4.5"
"Samaje Perine","CIN","15","23.2","28.8","31.1","33.3","3.9","4.6","2.3","0.0"
"Antonio Gibson","NE","5","22.1","26.3","29.0","25.0","2.0","1.8","0.5","0.0"
"Braelon Allen","NYJ","4","22.0","24.0","22.3","100.0","2.9","2.8","2.3","0.0"
"Malik Davis","DAL","10","21.8","21.7","23.0","25.0","1.4","0.8","0.5","0.0"
"Jaret Patterson","LAC","6","21.2","28.1","27.9","20.0","2.3","2.6","0.7","0.0"
"Isaiah Davis","NYJ","16","20.2","13.7","16.6","16.7","6.3","7.3","6.8","0.0"
"Jeremy McNichols","WAS","17","19.9","12.8","14.1","6.7","7.2","8.7","5.9","0.0"
"Jaleel McLaughlin","DEN","8","19.2","22.8","31.1","16.7","2.2","2.1","1.4","0.0"
"Ty Johnson","BUF","17","18.9","11.9","9.5","20.0","6.9","7.0","6.6","6.9"
"Brashard Smith","KC","17","18.7","13.1","12.1","0.0","6.4","6.9","4.3","4.3"
"Jaylen Wright","MIA","10","18.5","26.5","21.8","22.2","3.8","3.1","2.4","0.0"
"Tank Bigsby","JAX","17","18.3","17.3","21.3","25.0","0.8","0.9","0.9","0.0"
"Jaydon Blue","DAL","5","17.1","34.9","26.6","16.7","0.7","1.0","0.4","0.0"
"Corey Kiner","ARI","4","16.6","18.5","19.7","0.0","2.3","2.3","1.6","0.0"
"Keaton Mitchell","BAL","13","15.2","17.7","20.1","6.7","4.0","4.5","2.7","0.0"
"Brittain Brown","CHI","3","13.5","6.3","9.1","25.0","1.1","0.0","0.0","0.0"
"Ray Davis","BUF","17","13.3","13.8","13.1","0.0","2.7","2.9","2.2","6.9"
"Trayveon Williams","LAC","7","13.0","6.9","6.9","0.0","5.0","7.0","4.9","0.0"
"Jerome Ford","CLE","13","12.4","8.5","7.5","0.0","7.6","10.1","4.1","0.0"
"Ollie Gordon II","MIA","17","12.3","18.4","10.8","23.1","1.9","2.2","1.0","4.3"
"Terrell Jennings","NE","7","12.3","13.9","10.4","25.0","0.5","0.7","0.5","0.0"
"Brian Robinson","SF","17","12.2","22.7","25.0","16.7","2.2","2.0","0.6","0.0"
"Zavier Scott","MIN","16","12.0","9.8","8.1","0.0","3.6","4.9","3.2","6.3"
"Ty Chandler","MIN","3","11.8","22.4","15.9","0.0","6.3","7.0","2.5","0.0"
"Zamir White","LV","6","11.4","9.6","7.7","0.0","3.1","3.2","1.8","0.0"
"Raheem Mostert","LV","12","11.4","10.8","13.1","0.0","3.6","5.0","3.2","0.0"
"Connor Heyward","PIT","17","10.5","62.5","38.1","66.7","0.8","0.8","0.6","3.8"
"Kyle Juszczyk","SF","17","9.4","0.5","-0.2","0.0","5.1","6.0","4.9","6.1"
"Ameer Abdullah","IND","13","9.3","5.0","4.6","6.3","4.1","5.9","3.3","0.0"
"Jacardia Wright","SEA","1","8.8","16.1","23.5","0.0","0.0","0.0","0.0","0.0"
"Hunter Luepke","DAL","17","8.5","4.2","4.0","0.0","2.5","3.1","2.3","3.2"
"George Holani","SEA","11","8.5","7.7","6.3","8.3","0.7","1.0","0.5","0.0"
"C.J. Ham","MIN","11","8.0","1.3","0.5","25.0","0.6","1.0","0.5","0.0"
"Chris Brooks","GB","17","7.8","7.0","6.9","0.0","3.8","4.0","2.4","0.0"
"Clyde Edwards-Helaire","KC","2","7.5","13.5","7.3","0.0","2.8","4.5","1.5","0.0"
"Evan Hull","NO","6","7.3","18.1","12.3","0.0","0.6","0.8","0.4","0.0"
"Tyler Badie","DEN","16","7.2","2.4","1.5","0.0","5.6","5.1","3.8","0.0"
"AJ Dillon","PHI","7","6.9","9.4","12.3","0.0","1.5","2.2","1.5","0.0"
"Dare Ogunbowale","HOU","17","6.8","2.8","1.6","14.3","2.4","2.7","1.9","0.0"
"Andrew Beck","NYJ","17","6.4","0.3","0.3","0.0","1.9","2.0","1.6","13.3"
"LeQuint Allen Jr.","JAX","17","5.7","6.2","6.1","0.0","2.0","2.9","1.3","0.0"
"Kene Nwangwu","NYJ","12","5.6","5.3","5.1","0.0","0.3","0.0","0.0","0.0"
"Rasheen Ali","BAL","15","5.2","2.0","1.3","0.0","3.1","3.6","2.3","4.5"
"Will Shipley","PHI","15","4.8","4.4","3.4","0.0","2.9","3.2","1.8","0.0"
"Amar Johnson","LAC","2","4.6","6.5","8.5","0.0","1.9","0.0","0.0","0.0"
"Dameon Pierce","HOU","5","4.3","12.0","7.0","0.0","0.6","0.0","0.0","0.0"
"Hassan Haskins","LAC","12","4.0","7.4","5.0","0.0","1.0","1.4","0.4","0.0"
"Cam Akers","MIN","6","3.9","3.3","2.5","0.0","0.5","0.0","0.0","0.0"
"Kaleb Johnson","PIT","10","3.8","13.7","9.2","0.0","0.7","0.5","0.4","0.0"
"Trevor Etienne","CAR","17","3.7","5.1","5.6","0.0","0.6","0.9","0.4","0.0"
"Khalil Herbert","NYJ","7","3.7","11.2","6.9","0.0","1.8","0.7","0.3","0.0"
"DJ Giddens","IND","10","3.5","11.1","8.1","0.0","0.7","0.0","0.0","0.0"
"Adam Prentice","DEN","17","3.5","2.8","2.8","0.0","1.4","1.5","1.3","0.0"
"Scott Matlock","LAC","16","3.4","0.0","0.0","0.0","0.8","1.2","0.3","4.2"
"British Brooks","HOU","15","3.0","4.7","5.6","0.0","0.0","0.0","0.0","0.0"
"Myles Gaskin","SEA","1","2.9","10.0","5.3","0.0","0.0","0.0","0.0","0.0"
"Velus Jones Jr.","NO","8","2.8","2.2","4.4","0.0","0.0","0.0","0.0","0.0"
"Alec Ingold","MIA","17","2.5","0.5","0.5","0.0","2.6","2.5","1.6","0.0"
"Nathan Carter","ATL","7","2.2","5.2","7.3","0.0","0.0","0.0","0.0","0.0"
"Josh Williams","TB","3","2.0","6.2","4.9","0.0","0.0","0.0","0.0","0.0"